User ID,Client,Age,Cycle Start Date,Cycle Length,Period Length,Next Cycle Start Date
1,nfp8020,33.0,2012-01-01,27,7.0,2012-01-28
1,nfp8020,33.0,2012-01-28,31,6.0,2012-02-28
1,nfp8020,33.0,2012-02-28,27,6.0,2012-03-26
1,nfp8020,33.0,2012-03-26,28,5.0,2012-04-23
1,nfp8020,33.0,2012-04-23,27,5.0,2012-05-20
1,nfp8020,33.0,2012-05-20,27,5.0,2012-06-16
1,nfp8020,33.0,2012-06-16,27,5.0,2012-07-13
1,nfp8020,33.0,2012-07-13,25,5.0,2012-08-07
1,nfp8020,33.0,2012-08-07,24,5.0,2012-08-31
1,nfp8020,33.0,2012-08-31,18,5.0,2012-09-18
1,nfp8020,33.0,2012-09-18,26,5.0,2012-10-14
1,nfp8020,33.0,2012-10-14,24,5.0,2012-11-07
1,nfp8020,33.0,2012-11-07,27,6.0,2012-12-04
1,nfp8020,33.0,2012-12-04,26,6.0,2012-12-30
1,nfp8020,33.0,2012-12-30,24,4.0,2013-01-23
1,nfp8020,33.0,2013-01-23,26,5.0,2013-02-18
2,nfp8024,23.0,2012-01-01,28,5.0,2012-01-29
2,nfp8024,23.0,2012-01-29,30,5.0,2012-02-28
2,nfp8024,23.0,2012-02-28,29,5.0,2012-03-28
2,nfp8024,23.0,2012-03-28,26,5.0,2012-04-23
2,nfp8024,23.0,2012-04-23,31,5.0,2012-05-24
2,nfp8024,23.0,2012-05-24,27,4.0,2012-06-20
2,nfp8024,23.0,2012-06-20,29,4.0,2012-07-19
2,nfp8024,23.0,2012-07-19,34,4.0,2012-08-22
2,nfp8024,23.0,2012-08-22,27,4.0,2012-09-18
2,nfp8024,23.0,2012-09-18,28,5.0,2012-10-16
2,nfp8024,23.0,2012-10-16,29,5.0,2012-11-14
2,nfp8024,23.0,2012-11-14,27,5.0,2012-12-11
3,nfp8026,39.0,2012-01-01,25,5.0,2012-01-26
3,nfp8026,39.0,2012-01-26,30,10.0,2012-02-25
3,nfp8026,39.0,2012-02-25,26,5.0,2012-03-22
3,nfp8026,39.0,2012-03-22,27,6.0,2012-04-18
3,nfp8026,39.0,2012-04-18,28,5.0,2012-05-16
3,nfp8026,39.0,2012-05-16,30,5.0,2012-06-15
4,nfp8030,23.0,2012-01-01,29,5.0,2012-01-30
4,nfp8030,23.0,2012-01-30,29,5.0,2012-02-28
4,nfp8030,23.0,2012-02-28,26,6.0,2012-03-25
4,nfp8030,23.0,2012-03-25,25,6.0,2012-04-19
4,nfp8030,23.0,2012-04-19,29,6.0,2012-05-18
4,nfp8030,23.0,2012-05-18,23,5.0,2012-06-10
4,nfp8030,23.0,2012-06-10,26,6.0,2012-07-06
4,nfp8030,23.0,2012-07-06,25,6.0,2012-07-31
4,nfp8030,23.0,2012-07-31,30,5.0,2012-08-30
4,nfp8030,23.0,2012-08-30,27,6.0,2012-09-26
4,nfp8030,23.0,2012-09-26,26,6.0,2012-10-22
4,nfp8030,23.0,2012-10-22,30,6.0,2012-11-21
4,nfp8030,23.0,2012-11-21,23,6.0,2012-12-14
4,nfp8030,23.0,2012-12-14,23,6.0,2013-01-06
4,nfp8030,23.0,2013-01-06,29,5.0,2013-02-04
4,nfp8030,23.0,2013-02-04,28,5.0,2013-03-04
5,nfp8031,30.0,2012-01-01,27,6.0,2012-01-28
5,nfp8031,30.0,2012-01-28,27,5.0,2012-02-24
5,nfp8031,30.0,2012-02-24,28,7.0,2012-03-23
5,nfp8031,30.0,2012-03-23,27,6.0,2012-04-19
5,nfp8031,30.0,2012-04-19,27,6.0,2012-05-16
5,nfp8031,30.0,2012-05-16,29,5.0,2012-06-14
5,nfp8031,30.0,2012-06-14,28,6.0,2012-07-12
5,nfp8031,30.0,2012-07-12,27,5.0,2012-08-08
5,nfp8031,30.0,2012-08-08,26,4.0,2012-09-03
5,nfp8031,30.0,2012-09-03,28,5.0,2012-10-01
5,nfp8031,30.0,2012-10-01,25,4.0,2012-10-26
5,nfp8031,30.0,2012-10-26,27,5.0,2012-11-22
6,nfp8032,31.0,2012-01-01,33,6.0,2012-02-03
6,nfp8032,31.0,2012-02-03,33,6.0,2012-03-07
6,nfp8032,31.0,2012-03-07,30,7.0,2012-04-06
6,nfp8032,31.0,2012-04-06,28,5.0,2012-05-04
6,nfp8032,31.0,2012-05-04,31,6.0,2012-06-04
6,nfp8032,31.0,2012-06-04,35,6.0,2012-07-09
6,nfp8032,31.0,2012-07-09,33,5.0,2012-08-11
6,nfp8032,31.0,2012-08-11,31,6.0,2012-09-11
6,nfp8032,31.0,2012-09-11,32,5.0,2012-10-13
6,nfp8032,31.0,2012-10-13,41,6.0,2012-11-23
6,nfp8032,31.0,2012-11-23,38,7.0,2012-12-31
6,nfp8032,31.0,2012-12-31,29,7.0,2013-01-29
7,nfp8034,24.0,2012-01-01,34,6.0,2012-02-04
7,nfp8034,24.0,2012-02-04,33,5.0,2012-03-08
8,nfp8036,27.0,2012-01-01,33,5.0,2012-02-03
8,nfp8036,27.0,2012-02-03,33,5.0,2012-03-07
8,nfp8036,27.0,2012-03-07,34,5.0,2012-04-10
8,nfp8036,27.0,2012-04-10,33,6.0,2012-05-13
8,nfp8036,27.0,2012-05-13,30,5.0,2012-06-12
9,nfp8040,24.0,2012-01-01,29,4.0,2012-01-30
9,nfp8040,24.0,2012-01-30,28,5.0,2012-02-27
9,nfp8040,24.0,2012-02-27,29,6.0,2012-03-27
9,nfp8040,24.0,2012-03-27,30,5.0,2012-04-26
9,nfp8040,24.0,2012-04-26,28,4.0,2012-05-24
9,nfp8040,24.0,2012-05-24,29,5.0,2012-06-22
9,nfp8040,24.0,2012-06-22,30,5.0,2012-07-22
9,nfp8040,24.0,2012-07-22,29,3.0,2012-08-20
10,nfp8041,35.0,2012-01-01,30,6.0,2012-01-31
10,nfp8041,35.0,2012-01-31,32,6.0,2012-03-03
10,nfp8041,35.0,2012-03-03,31,6.0,2012-04-03
10,nfp8041,35.0,2012-04-03,30,5.0,2012-05-03
10,nfp8041,35.0,2012-05-03,32,6.0,2012-06-04
10,nfp8041,35.0,2012-06-04,31,5.0,2012-07-05
10,nfp8041,35.0,2012-07-05,30,6.0,2012-08-04
10,nfp8041,35.0,2012-08-04,33,6.0,2012-09-06
10,nfp8041,35.0,2012-09-06,30,5.0,2012-10-06
10,nfp8041,35.0,2012-10-06,26,5.0,2012-11-01
10,nfp8041,35.0,2012-11-01,29,4.0,2012-11-30
11,nfp8042,37.0,2012-01-01,28,6.0,2012-01-29
11,nfp8042,37.0,2012-01-29,27,7.0,2012-02-25
11,nfp8042,37.0,2012-02-25,36,7.0,2012-04-01
11,nfp8042,37.0,2012-04-01,38,6.0,2012-05-09
11,nfp8042,37.0,2012-05-09,35,7.0,2012-06-13
11,nfp8042,37.0,2012-06-13,28,7.0,2012-07-11
11,nfp8042,37.0,2012-07-11,31,7.0,2012-08-11
11,nfp8042,37.0,2012-08-11,33,7.0,2012-09-13
11,nfp8042,37.0,2012-09-13,29,6.0,2012-10-12
11,nfp8042,37.0,2012-10-12,30,6.0,2012-11-11
11,nfp8042,37.0,2012-11-11,31,6.0,2012-12-12
11,nfp8042,37.0,2012-12-12,30,5.0,2013-01-11
14,nfp8046,38.0,2012-01-01,25,4.0,2012-01-26
14,nfp8046,38.0,2012-01-26,24,4.0,2012-02-19
14,nfp8046,38.0,2012-02-19,24,4.0,2012-03-14
14,nfp8046,38.0,2012-03-14,27,4.0,2012-04-10
14,nfp8046,38.0,2012-04-10,26,4.0,2012-05-06
14,nfp8046,38.0,2012-05-06,28,4.0,2012-06-03
14,nfp8046,38.0,2012-06-03,24,4.0,2012-06-27
14,nfp8046,38.0,2012-06-27,27,4.0,2012-07-24
14,nfp8046,38.0,2012-07-24,25,4.0,2012-08-18
14,nfp8046,38.0,2012-08-18,23,3.0,2012-09-10
14,nfp8046,38.0,2012-09-10,25,4.0,2012-10-05
14,nfp8046,38.0,2012-10-05,23,4.0,2012-10-28
14,nfp8046,38.0,2012-10-28,26,4.0,2012-11-23
15,nfp8047,32.0,2012-01-01,27,5.0,2012-01-28
15,nfp8047,32.0,2012-01-28,27,6.0,2012-02-24
16,nfp8049,24.0,2012-01-01,32,5.0,2012-02-02
17,nfp8050,21.0,2012-01-01,32,6.0,2012-02-02
17,nfp8050,21.0,2012-02-02,32,6.0,2012-03-05
18,nfp8051,23.0,2012-01-01,27,4.0,2012-01-28
18,nfp8051,23.0,2012-01-28,30,4.0,2012-02-27
18,nfp8051,23.0,2012-02-27,32,5.0,2012-03-30
18,nfp8051,23.0,2012-03-30,28,4.0,2012-04-27
18,nfp8051,23.0,2012-04-27,29,4.0,2012-05-26
18,nfp8051,23.0,2012-05-26,30,8.0,2012-06-25
18,nfp8051,23.0,2012-06-25,32,5.0,2012-07-27
18,nfp8051,23.0,2012-07-27,29,6.0,2012-08-25
18,nfp8051,23.0,2012-08-25,26,5.0,2012-09-20
18,nfp8051,23.0,2012-09-20,31,5.0,2012-10-21
20,nfp8058,31.0,2012-01-01,29,5.0,2012-01-30
20,nfp8058,31.0,2012-01-30,30,6.0,2012-02-29
20,nfp8058,31.0,2012-02-29,29,6.0,2012-03-29
20,nfp8058,31.0,2012-03-29,29,7.0,2012-04-27
20,nfp8058,31.0,2012-04-27,28,6.0,2012-05-25
20,nfp8058,31.0,2012-05-25,29,5.0,2012-06-23
20,nfp8058,31.0,2012-06-23,27,7.0,2012-07-20
20,nfp8058,31.0,2012-07-20,29,7.0,2012-08-18
20,nfp8058,31.0,2012-08-18,27,6.0,2012-09-14
20,nfp8058,31.0,2012-09-14,30,6.0,2012-10-14
20,nfp8058,31.0,2012-10-14,28,7.0,2012-11-11
20,nfp8058,31.0,2012-11-11,30,6.0,2012-12-11
20,nfp8058,31.0,2012-12-11,29,7.0,2013-01-09
21,nfp8060,37.0,2012-01-01,32,5.0,2012-02-02
21,nfp8060,37.0,2012-02-02,27,6.0,2012-02-29
21,nfp8060,37.0,2012-02-29,28,6.0,2012-03-28
21,nfp8060,37.0,2012-03-28,27,5.0,2012-04-24
21,nfp8060,37.0,2012-04-24,26,6.0,2012-05-20
21,nfp8060,37.0,2012-05-20,27,6.0,2012-06-16
21,nfp8060,37.0,2012-06-16,29,5.0,2012-07-15
21,nfp8060,37.0,2012-07-15,25,5.0,2012-08-09
21,nfp8060,37.0,2012-08-09,25,5.0,2012-09-03
21,nfp8060,37.0,2012-09-03,29,6.0,2012-10-02
21,nfp8060,37.0,2012-10-02,31,6.0,2012-11-02
21,nfp8060,37.0,2012-11-02,26,5.0,2012-11-28
21,nfp8060,37.0,2012-11-28,27,6.0,2012-12-25
22,nfp8062,32.0,2012-01-01,35,6.0,2012-02-05
22,nfp8062,32.0,2012-02-05,27,6.0,2012-03-03
22,nfp8062,32.0,2012-03-03,29,5.0,2012-04-01
22,nfp8062,32.0,2012-04-01,31,4.0,2012-05-02
22,nfp8062,32.0,2012-05-02,31,7.0,2012-06-02
22,nfp8062,32.0,2012-06-02,31,5.0,2012-07-03
22,nfp8062,32.0,2012-07-03,31,5.0,2012-08-03
22,nfp8062,32.0,2012-08-03,30,4.0,2012-09-02
22,nfp8062,32.0,2012-09-02,30,6.0,2012-10-02
22,nfp8062,32.0,2012-10-02,31,6.0,2012-11-02
22,nfp8062,32.0,2012-11-02,31,6.0,2012-12-03
23,nfp8063,23.0,2012-01-01,27,6.0,2012-01-28
23,nfp8063,23.0,2012-01-28,33,7.0,2012-03-01
23,nfp8063,23.0,2012-03-01,29,8.0,2012-03-30
24,nfp8064,31.0,2012-01-01,25,5.0,2012-01-26
24,nfp8064,31.0,2012-01-26,27,5.0,2012-02-22
24,nfp8064,31.0,2012-02-22,25,4.0,2012-03-18
24,nfp8064,31.0,2012-03-18,24,5.0,2012-04-11
24,nfp8064,31.0,2012-04-11,28,6.0,2012-05-09
25,nfp8066,38.0,2012-01-01,26,5.0,2012-01-27
25,nfp8066,38.0,2012-01-27,26,5.0,2012-02-22
25,nfp8066,38.0,2012-02-22,26,4.0,2012-03-19
25,nfp8066,38.0,2012-03-19,29,3.0,2012-04-17
25,nfp8066,38.0,2012-04-17,28,4.0,2012-05-15
25,nfp8066,38.0,2012-05-15,28,4.0,2012-06-12
25,nfp8066,38.0,2012-06-12,28,3.0,2012-07-10
25,nfp8066,38.0,2012-07-10,27,3.0,2012-08-06
25,nfp8066,38.0,2012-08-06,26,4.0,2012-09-01
25,nfp8066,38.0,2012-09-01,27,3.0,2012-09-28
25,nfp8066,38.0,2012-09-28,27,4.0,2012-10-25
25,nfp8066,38.0,2012-10-25,27,4.0,2012-11-21
25,nfp8066,38.0,2012-11-21,28,4.0,2012-12-19
25,nfp8066,38.0,2012-12-19,27,4.0,2013-01-15
25,nfp8066,38.0,2013-01-15,28,4.0,2013-02-12
25,nfp8066,38.0,2013-02-12,27,4.0,2013-03-11
25,nfp8066,38.0,2013-03-11,26,4.0,2013-04-06
25,nfp8066,38.0,2013-04-06,28,3.0,2013-05-04
25,nfp8066,38.0,2013-05-04,28,4.0,2013-06-01
25,nfp8066,38.0,2013-06-01,30,4.0,2013-07-01
25,nfp8066,38.0,2013-07-01,31,4.0,2013-08-01
25,nfp8066,38.0,2013-08-01,28,4.0,2013-08-29
25,nfp8066,38.0,2013-08-29,27,4.0,2013-09-25
25,nfp8066,38.0,2013-09-25,27,4.0,2013-10-22
25,nfp8066,38.0,2013-10-22,29,4.0,2013-11-20
25,nfp8066,38.0,2013-11-20,28,4.0,2013-12-18
25,nfp8066,38.0,2013-12-18,29,4.0,2014-01-16
25,nfp8066,38.0,2014-01-16,28,4.0,2014-02-13
25,nfp8066,38.0,2014-02-13,25,4.0,2014-03-10
25,nfp8066,38.0,2014-03-10,28,4.0,2014-04-07
25,nfp8066,38.0,2014-04-07,28,4.0,2014-05-05
26,nfp8068,39.0,2012-01-01,25,5.0,2012-01-26
26,nfp8068,39.0,2012-01-26,26,5.0,2012-02-21
26,nfp8068,39.0,2012-02-21,26,5.0,2012-03-18
26,nfp8068,39.0,2012-03-18,26,5.0,2012-04-13
26,nfp8068,39.0,2012-04-13,24,4.0,2012-05-07
26,nfp8068,39.0,2012-05-07,25,5.0,2012-06-01
26,nfp8068,39.0,2012-06-01,25,4.0,2012-06-26
26,nfp8068,39.0,2012-06-26,25,5.0,2012-07-21
26,nfp8068,39.0,2012-07-21,25,5.0,2012-08-15
26,nfp8068,39.0,2012-08-15,25,5.0,2012-09-09
26,nfp8068,39.0,2012-09-09,27,4.0,2012-10-06
26,nfp8068,39.0,2012-10-06,24,4.0,2012-10-30
26,nfp8068,39.0,2012-10-30,25,5.0,2012-11-24
27,nfp8069,22.0,2012-01-01,27,4.0,2012-01-28
27,nfp8069,22.0,2012-01-28,27,4.0,2012-02-24
27,nfp8069,22.0,2012-02-24,25,4.0,2012-03-20
27,nfp8069,22.0,2012-03-20,39,5.0,2012-04-28
29,nfp8073,29.0,2012-01-01,35,5.0,2012-02-05
29,nfp8073,29.0,2012-02-05,30,5.0,2012-03-06
29,nfp8073,29.0,2012-03-06,27,4.0,2012-04-02
29,nfp8073,29.0,2012-04-02,29,4.0,2012-05-01
29,nfp8073,29.0,2012-05-01,30,5.0,2012-05-31
29,nfp8073,29.0,2012-05-31,26,4.0,2012-06-26
29,nfp8073,29.0,2012-06-26,35,5.0,2012-07-31
29,nfp8073,29.0,2012-07-31,28,4.0,2012-08-28
29,nfp8073,29.0,2012-08-28,36,5.0,2012-10-03
29,nfp8073,29.0,2012-10-03,29,4.0,2012-11-01
29,nfp8073,29.0,2012-11-01,36,4.0,2012-12-07
29,nfp8073,29.0,2012-12-07,33,4.0,2013-01-09
29,nfp8073,29.0,2013-01-09,28,4.0,2013-02-06
30,nfp8074,36.0,2012-01-01,27,4.0,2012-01-28
30,nfp8074,36.0,2012-01-28,30,4.0,2012-02-27
30,nfp8074,36.0,2012-02-27,32,4.0,2012-03-30
31,nfp8076,29.0,2012-01-01,30,4.0,2012-01-31
31,nfp8076,29.0,2012-01-31,30,3.0,2012-03-01
31,nfp8076,29.0,2012-03-01,32,3.0,2012-04-02
31,nfp8076,29.0,2012-04-02,40,4.0,2012-05-12
31,nfp8076,29.0,2012-05-12,27,4.0,2012-06-08
31,nfp8076,29.0,2012-06-08,29,3.0,2012-07-07
31,nfp8076,29.0,2012-07-07,28,4.0,2012-08-04
31,nfp8076,29.0,2012-08-04,29,4.0,2012-09-02
31,nfp8076,29.0,2012-09-02,36,4.0,2012-10-08
31,nfp8076,29.0,2012-10-08,27,4.0,2012-11-04
31,nfp8076,29.0,2012-11-04,28,4.0,2012-12-02
31,nfp8076,29.0,2012-12-02,27,3.0,2012-12-29
32,nfp8079,37.0,2012-01-01,26,4.0,2012-01-27
32,nfp8079,37.0,2012-01-27,28,4.0,2012-02-24
32,nfp8079,37.0,2012-02-24,27,4.0,2012-03-22
32,nfp8079,37.0,2012-03-22,25,4.0,2012-04-16
32,nfp8079,37.0,2012-04-16,25,4.0,2012-05-11
32,nfp8079,37.0,2012-05-11,25,4.0,2012-06-05
32,nfp8079,37.0,2012-06-05,25,4.0,2012-06-30
32,nfp8079,37.0,2012-06-30,21,4.0,2012-07-21
32,nfp8079,37.0,2012-07-21,26,5.0,2012-08-16
32,nfp8079,37.0,2012-08-16,23,4.0,2012-09-08
32,nfp8079,37.0,2012-09-08,25,4.0,2012-10-03
32,nfp8079,37.0,2012-10-03,25,3.0,2012-10-28
32,nfp8079,37.0,2012-10-28,26,4.0,2012-11-23
33,nfp8080,38.0,2012-01-01,31,5.0,2012-02-01
33,nfp8080,38.0,2012-02-01,29,3.0,2012-03-01
33,nfp8080,38.0,2012-03-01,28,3.0,2012-03-29
33,nfp8080,38.0,2012-03-29,27,3.0,2012-04-25
33,nfp8080,38.0,2012-04-25,31,4.0,2012-05-26
33,nfp8080,38.0,2012-05-26,30,3.0,2012-06-25
33,nfp8080,38.0,2012-06-25,25,3.0,2012-07-20
33,nfp8080,38.0,2012-07-20,28,3.0,2012-08-17
33,nfp8080,38.0,2012-08-17,30,4.0,2012-09-16
33,nfp8080,38.0,2012-09-16,28,2.0,2012-10-14
33,nfp8080,38.0,2012-10-14,26,3.0,2012-11-09
33,nfp8080,38.0,2012-11-09,30,3.0,2012-12-09
33,nfp8080,38.0,2012-12-09,27,3.0,2013-01-05
34,nfp8083,33.0,2012-01-01,32,5.0,2012-02-02
34,nfp8083,33.0,2012-02-02,30,5.0,2012-03-03
34,nfp8083,33.0,2012-03-03,27,5.0,2012-03-30
34,nfp8083,33.0,2012-03-30,29,5.0,2012-04-28
34,nfp8083,33.0,2012-04-28,27,5.0,2012-05-25
34,nfp8083,33.0,2012-05-25,27,4.0,2012-06-21
34,nfp8083,33.0,2012-06-21,28,5.0,2012-07-19
34,nfp8083,33.0,2012-07-19,27,5.0,2012-08-15
34,nfp8083,33.0,2012-08-15,28,5.0,2012-09-12
34,nfp8083,33.0,2012-09-12,28,4.0,2012-10-10
34,nfp8083,33.0,2012-10-10,29,3.0,2012-11-08
34,nfp8083,33.0,2012-11-08,30,3.0,2012-12-08
34,nfp8083,33.0,2012-12-08,24,4.0,2013-01-01
34,nfp8083,33.0,2013-01-01,30,4.0,2013-01-31
34,nfp8083,33.0,2013-01-31,25,4.0,2013-02-25
35,nfp8085,29.0,2012-01-01,48,6.0,2012-02-18
35,nfp8085,29.0,2012-02-18,32,5.0,2012-03-21
36,nfp8087,28.0,2012-01-01,31,6.0,2012-02-01
36,nfp8087,28.0,2012-02-01,31,6.0,2012-03-03
36,nfp8087,28.0,2012-03-03,34,5.0,2012-04-06
36,nfp8087,28.0,2012-04-06,34,6.0,2012-05-10
36,nfp8087,28.0,2012-05-10,38,6.0,2012-06-17
36,nfp8087,28.0,2012-06-17,28,5.0,2012-07-15
36,nfp8087,28.0,2012-07-15,36,6.0,2012-08-20
36,nfp8087,28.0,2012-08-20,35,6.0,2012-09-24
36,nfp8087,28.0,2012-09-24,39,5.0,2012-11-02
36,nfp8087,28.0,2012-11-02,41,5.0,2012-12-13
36,nfp8087,28.0,2012-12-13,31,6.0,2013-01-13
36,nfp8087,28.0,2013-01-13,31,7.0,2013-02-13
36,nfp8087,28.0,2013-02-13,32,5.0,2013-03-17
38,nfp8094,31.0,2012-01-01,28,3.0,2012-01-29
38,nfp8094,31.0,2012-01-29,26,3.0,2012-02-24
38,nfp8094,31.0,2012-02-24,28,4.0,2012-03-23
38,nfp8094,31.0,2012-03-23,26,3.0,2012-04-18
38,nfp8094,31.0,2012-04-18,28,3.0,2012-05-16
38,nfp8094,31.0,2012-05-16,29,3.0,2012-06-14
38,nfp8094,31.0,2012-06-14,26,2.0,2012-07-10
38,nfp8094,31.0,2012-07-10,26,3.0,2012-08-05
38,nfp8094,31.0,2012-08-05,35,2.0,2012-09-09
38,nfp8094,31.0,2012-09-09,26,3.0,2012-10-05
38,nfp8094,31.0,2012-10-05,28,4.0,2012-11-02
38,nfp8094,31.0,2012-11-02,26,2.0,2012-11-28
38,nfp8094,31.0,2012-11-28,25,2.0,2012-12-23
39,nfp8099,28.0,2012-01-01,26,6.0,2012-01-27
39,nfp8099,28.0,2012-01-27,25,5.0,2012-02-21
39,nfp8099,28.0,2012-02-21,27,5.0,2012-03-19
39,nfp8099,28.0,2012-03-19,24,4.0,2012-04-12
39,nfp8099,28.0,2012-04-12,26,5.0,2012-05-08
39,nfp8099,28.0,2012-05-08,27,4.0,2012-06-04
39,nfp8099,28.0,2012-06-04,28,5.0,2012-07-02
39,nfp8099,28.0,2012-07-02,28,4.0,2012-07-30
39,nfp8099,28.0,2012-07-30,24,5.0,2012-08-23
39,nfp8099,28.0,2012-08-23,28,4.0,2012-09-20
39,nfp8099,28.0,2012-09-20,26,3.0,2012-10-16
39,nfp8099,28.0,2012-10-16,26,5.0,2012-11-11
39,nfp8099,28.0,2012-11-11,28,4.0,2012-12-09
40,nfp8100,36.0,2012-01-01,29,4.0,2012-01-30
40,nfp8100,36.0,2012-01-30,31,4.0,2012-03-01
40,nfp8100,36.0,2012-03-01,27,5.0,2012-03-28
40,nfp8100,36.0,2012-03-28,30,4.0,2012-04-27
40,nfp8100,36.0,2012-04-27,26,5.0,2012-05-23
40,nfp8100,36.0,2012-05-23,29,4.0,2012-06-21
40,nfp8100,36.0,2012-06-21,29,4.0,2012-07-20
40,nfp8100,36.0,2012-07-20,29,4.0,2012-08-18
40,nfp8100,36.0,2012-08-18,36,4.0,2012-09-23
40,nfp8100,36.0,2012-09-23,30,5.0,2012-10-23
40,nfp8100,36.0,2012-10-23,28,4.0,2012-11-20
40,nfp8100,36.0,2012-11-20,30,4.0,2012-12-20
41,nfp8101,38.0,2012-01-01,25,5.0,2012-01-26
41,nfp8101,38.0,2012-01-26,27,6.0,2012-02-22
41,nfp8101,38.0,2012-02-22,26,4.0,2012-03-19
41,nfp8101,38.0,2012-03-19,27,4.0,2012-04-15
41,nfp8101,38.0,2012-04-15,24,5.0,2012-05-09
41,nfp8101,38.0,2012-05-09,27,5.0,2012-06-05
41,nfp8101,38.0,2012-06-05,26,7.0,2012-07-01
41,nfp8101,38.0,2012-07-01,26,5.0,2012-07-27
41,nfp8101,38.0,2012-07-27,29,5.0,2012-08-25
41,nfp8101,38.0,2012-08-25,27,6.0,2012-09-21
41,nfp8101,38.0,2012-09-21,27,5.0,2012-10-18
41,nfp8101,38.0,2012-10-18,26,7.0,2012-11-13
42,nfp8102,36.0,2012-01-01,28,5.0,2012-01-29
42,nfp8102,36.0,2012-01-29,26,5.0,2012-02-24
42,nfp8102,36.0,2012-02-24,29,5.0,2012-03-24
42,nfp8102,36.0,2012-03-24,26,5.0,2012-04-19
42,nfp8102,36.0,2012-04-19,27,5.0,2012-05-16
42,nfp8102,36.0,2012-05-16,27,5.0,2012-06-12
42,nfp8102,36.0,2012-06-12,25,5.0,2012-07-07
42,nfp8102,36.0,2012-07-07,28,5.0,2012-08-04
42,nfp8102,36.0,2012-08-04,26,5.0,2012-08-30
42,nfp8102,36.0,2012-08-30,26,5.0,2012-09-25
42,nfp8102,36.0,2012-09-25,26,5.0,2012-10-21
42,nfp8102,36.0,2012-10-21,29,5.0,2012-11-19
42,nfp8102,36.0,2012-11-19,29,5.0,2012-12-18
43,nfp8106,25.0,2012-01-01,25,5.0,2012-01-26
43,nfp8106,25.0,2012-05-05,25,5.0,2012-05-30
43,nfp8106,25.0,2012-05-30,27,4.0,2012-06-26
43,nfp8106,25.0,2012-10-04,27,4.0,2012-10-31
43,nfp8106,25.0,2012-10-31,24,4.0,2012-11-24
43,nfp8106,25.0,2013-03-04,24,4.0,2013-03-28
44,nfp8107,26.0,2012-01-01,28,4.0,2012-01-29
44,nfp8107,26.0,2012-05-08,28,4.0,2012-06-05
44,nfp8107,26.0,2012-06-05,27,5.0,2012-07-02
44,nfp8107,26.0,2012-10-10,26,5.0,2012-11-05
44,nfp8107,26.0,2012-11-05,25,6.0,2012-11-30
44,nfp8107,26.0,2013-03-10,25,6.0,2013-04-04
44,nfp8107,26.0,2013-04-04,25,5.0,2013-04-29
44,nfp8107,26.0,2013-08-07,25,5.0,2013-09-01
44,nfp8107,26.0,2013-09-01,29,5.0,2013-09-30
44,nfp8107,26.0,2014-01-08,29,5.0,2014-02-06
44,nfp8107,26.0,2014-02-06,29,4.0,2014-03-07
44,nfp8107,26.0,2014-06-15,29,4.0,2014-07-14
44,nfp8107,26.0,2014-07-14,28,5.0,2014-08-11
44,nfp8107,26.0,2014-11-19,28,5.0,2014-12-17
44,nfp8107,26.0,2014-12-17,24,4.0,2015-01-10
44,nfp8107,26.0,2015-04-20,24,4.0,2015-05-14
45,nfp8109,29.0,2012-01-01,29,7.0,2012-01-30
45,nfp8109,29.0,2012-05-09,29,7.0,2012-06-07
45,nfp8109,29.0,2012-06-07,23,7.0,2012-06-30
45,nfp8109,29.0,2012-10-08,23,7.0,2012-10-31
45,nfp8109,29.0,2012-10-31,27,6.0,2012-11-27
45,nfp8109,29.0,2013-03-07,27,6.0,2013-04-03
46,nfp8110,30.0,2012-01-01,32,6.0,2012-02-02
46,nfp8110,30.0,2012-02-02,36,9.0,2012-03-09
46,nfp8110,30.0,2012-03-09,26,7.0,2012-04-04
46,nfp8110,30.0,2012-04-04,29,5.0,2012-05-03
47,nfp8113,28.0,2012-01-01,24,8.0,2012-01-25
47,nfp8113,28.0,2012-01-25,36,9.0,2012-03-01
47,nfp8113,28.0,2012-03-01,37,9.0,2012-04-07
47,nfp8113,28.0,2012-04-07,34,7.0,2012-05-11
47,nfp8113,28.0,2012-05-11,30,7.0,2012-06-10
47,nfp8113,28.0,2012-06-10,29,8.0,2012-07-09
47,nfp8113,28.0,2012-07-09,33,9.0,2012-08-11
47,nfp8113,28.0,2012-08-11,28,8.0,2012-09-08
47,nfp8113,28.0,2012-09-08,30,8.0,2012-10-08
47,nfp8113,28.0,2012-10-08,34,9.0,2012-11-11
47,nfp8113,28.0,2012-11-11,39,11.0,2012-12-20
47,nfp8113,28.0,2012-12-20,27,10.0,2013-01-16
48,nfp8114,39.0,2012-01-01,28,4.0,2012-01-29
48,nfp8114,39.0,2012-05-08,28,4.0,2012-06-05
48,nfp8114,39.0,2012-06-05,34,5.0,2012-07-09
48,nfp8114,39.0,2012-10-17,34,5.0,2012-11-20
49,nfp8116,27.0,2012-01-01,31,6.0,2012-02-01
49,nfp8116,27.0,2012-02-01,27,6.0,2012-02-28
49,nfp8116,27.0,2012-02-28,28,6.0,2012-03-27
49,nfp8116,27.0,2012-03-27,30,5.0,2012-04-26
49,nfp8116,27.0,2012-04-26,28,5.0,2012-05-24
49,nfp8116,27.0,2012-05-24,28,6.0,2012-06-21
49,nfp8116,27.0,2012-06-21,29,6.0,2012-07-20
49,nfp8116,27.0,2012-07-20,27,6.0,2012-08-16
49,nfp8116,27.0,2012-08-16,26,6.0,2012-09-11
49,nfp8116,27.0,2012-09-11,30,6.0,2012-10-11
49,nfp8116,27.0,2012-10-11,29,6.0,2012-11-09
49,nfp8116,27.0,2012-11-09,28,6.0,2012-12-07
49,nfp8116,27.0,2012-12-07,28,3.0,2013-01-04
50,nfp8122,36.0,2012-01-01,29,5.0,2012-01-30
50,nfp8122,36.0,2012-01-30,27,5.0,2012-02-26
50,nfp8122,36.0,2012-02-26,29,5.0,2012-03-26
50,nfp8122,36.0,2012-03-26,27,5.0,2012-04-22
50,nfp8122,36.0,2012-04-22,28,5.0,2012-05-20
50,nfp8122,36.0,2012-05-20,26,5.0,2012-06-15
50,nfp8122,36.0,2012-06-15,29,5.0,2012-07-14
50,nfp8122,36.0,2012-07-14,24,4.0,2012-08-07
50,nfp8122,36.0,2012-08-07,28,6.0,2012-09-04
50,nfp8122,36.0,2012-09-04,28,5.0,2012-10-02
50,nfp8122,36.0,2012-10-02,26,5.0,2012-10-28
50,nfp8122,36.0,2012-10-28,29,5.0,2012-11-26
50,nfp8122,36.0,2012-11-26,27,6.0,2012-12-23
50,nfp8122,36.0,2012-12-23,28,5.0,2013-01-20
50,nfp8122,36.0,2013-01-20,30,4.0,2013-02-19
50,nfp8122,36.0,2013-02-19,28,5.0,2013-03-19
50,nfp8122,36.0,2013-03-19,26,5.0,2013-04-14
50,nfp8122,36.0,2013-04-14,26,5.0,2013-05-10
50,nfp8122,36.0,2013-05-10,24,4.0,2013-06-03
50,nfp8122,36.0,2013-06-03,27,5.0,2013-06-30
50,nfp8122,36.0,2013-06-30,28,4.0,2013-07-28
50,nfp8122,36.0,2013-07-28,26,4.0,2013-08-23
50,nfp8122,36.0,2013-08-23,27,4.0,2013-09-19
50,nfp8122,36.0,2013-09-19,27,4.0,2013-10-16
50,nfp8122,36.0,2013-10-16,25,4.0,2013-11-10
50,nfp8122,36.0,2013-11-10,32,4.0,2013-12-12
50,nfp8122,36.0,2013-12-12,27,4.0,2014-01-08
50,nfp8122,36.0,2014-01-08,29,5.0,2014-02-06
50,nfp8122,36.0,2014-02-06,26,5.0,2014-03-04
50,nfp8122,36.0,2014-03-04,27,4.0,2014-03-31
50,nfp8122,36.0,2014-03-31,28,4.0,2014-04-28
50,nfp8122,36.0,2014-04-28,31,4.0,2014-05-29
50,nfp8122,36.0,2014-05-29,27,4.0,2014-06-25
50,nfp8122,36.0,2014-06-25,27,4.0,2014-07-22
50,nfp8122,36.0,2014-07-22,28,4.0,2014-08-19
50,nfp8122,36.0,2014-08-19,27,4.0,2014-09-15
50,nfp8122,36.0,2014-09-15,26,4.0,2014-10-11
50,nfp8122,36.0,2014-10-11,28,4.0,2014-11-08
50,nfp8122,36.0,2014-11-08,28,4.0,2014-12-06
50,nfp8122,36.0,2014-12-06,24,4.0,2014-12-30
50,nfp8122,36.0,2014-12-30,26,4.0,2015-01-25
50,nfp8122,36.0,2015-01-25,27,4.0,2015-02-21
50,nfp8122,36.0,2015-02-21,28,4.0,2015-03-21
50,nfp8122,36.0,2015-03-21,27,4.0,2015-04-17
50,nfp8122,36.0,2015-04-17,28,5.0,2015-05-15
51,nfp8123,31.0,2012-01-01,31,7.0,2012-02-01
51,nfp8123,31.0,2012-02-01,31,4.0,2012-03-03
51,nfp8123,31.0,2012-03-03,33,6.0,2012-04-05
51,nfp8123,31.0,2012-04-05,32,6.0,2012-05-07
51,nfp8123,31.0,2012-05-07,31,6.0,2012-06-07
51,nfp8123,31.0,2012-06-07,33,6.0,2012-07-10
51,nfp8123,31.0,2012-07-10,31,6.0,2012-08-10
51,nfp8123,31.0,2012-08-10,28,5.0,2012-09-07
51,nfp8123,31.0,2012-09-07,36,5.0,2012-10-13
51,nfp8123,31.0,2012-10-13,28,5.0,2012-11-10
51,nfp8123,31.0,2012-11-10,32,7.0,2012-12-12
51,nfp8123,31.0,2012-12-12,30,5.0,2013-01-11
52,nfp8124,36.0,2012-01-01,33,5.0,2012-02-03
52,nfp8124,36.0,2012-02-03,37,4.0,2012-03-11
52,nfp8124,36.0,2012-03-11,34,4.0,2012-04-14
52,nfp8124,36.0,2012-04-14,40,4.0,2012-05-24
52,nfp8124,36.0,2012-05-24,29,5.0,2012-06-22
52,nfp8124,36.0,2012-06-22,33,5.0,2012-07-25
52,nfp8124,36.0,2012-07-25,30,5.0,2012-08-24
52,nfp8124,36.0,2012-08-24,38,5.0,2012-10-01
52,nfp8124,36.0,2012-10-01,27,5.0,2012-10-28
52,nfp8124,36.0,2012-10-28,29,5.0,2012-11-26
52,nfp8124,36.0,2012-11-26,35,6.0,2012-12-31
52,nfp8124,36.0,2012-12-31,32,5.0,2013-02-01
52,nfp8124,36.0,2013-02-01,37,4.0,2013-03-10
53,nfp8129,23.0,2012-01-01,29,6.0,2012-01-30
53,nfp8129,23.0,2012-01-30,29,5.0,2012-02-28
53,nfp8129,23.0,2012-02-28,33,5.0,2012-04-01
53,nfp8129,23.0,2012-04-01,25,5.0,2012-04-26
53,nfp8129,23.0,2012-04-26,31,5.0,2012-05-27
53,nfp8129,23.0,2012-05-27,30,5.0,2012-06-26
53,nfp8129,23.0,2012-06-26,32,5.0,2012-07-28
53,nfp8129,23.0,2012-07-28,28,5.0,2012-08-25
53,nfp8129,23.0,2012-08-25,28,5.0,2012-09-22
53,nfp8129,23.0,2012-09-22,30,5.0,2012-10-22
53,nfp8129,23.0,2012-10-22,36,6.0,2012-11-27
53,nfp8129,23.0,2012-11-27,33,6.0,2012-12-30
53,nfp8129,23.0,2012-12-30,28,6.0,2013-01-27
54,nfp8131,43.0,2012-01-01,27,8.0,2012-01-28
54,nfp8131,43.0,2012-01-28,26,6.0,2012-02-23
54,nfp8131,43.0,2012-02-23,28,7.0,2012-03-22
54,nfp8131,43.0,2012-03-22,29,6.0,2012-04-20
54,nfp8131,43.0,2012-04-20,24,5.0,2012-05-14
54,nfp8131,43.0,2012-05-14,26,6.0,2012-06-09
54,nfp8131,43.0,2012-06-09,31,7.0,2012-07-10
54,nfp8131,43.0,2012-07-10,22,4.0,2012-08-01
54,nfp8131,43.0,2012-08-01,28,6.0,2012-08-29
54,nfp8131,43.0,2012-08-29,23,5.0,2012-09-21
54,nfp8131,43.0,2012-09-21,27,6.0,2012-10-18
54,nfp8131,43.0,2012-10-18,24,6.0,2012-11-11
55,nfp8133,36.0,2012-01-01,33,5.0,2012-02-03
55,nfp8133,36.0,2012-02-03,34,5.0,2012-03-08
55,nfp8133,36.0,2012-03-08,32,5.0,2012-04-09
55,nfp8133,36.0,2012-04-09,32,5.0,2012-05-11
55,nfp8133,36.0,2012-05-11,32,5.0,2012-06-12
55,nfp8133,36.0,2012-06-12,34,5.0,2012-07-16
55,nfp8133,36.0,2012-07-16,33,5.0,2012-08-18
55,nfp8133,36.0,2012-08-18,35,5.0,2012-09-22
55,nfp8133,36.0,2012-09-22,32,5.0,2012-10-24
55,nfp8133,36.0,2012-10-24,31,5.0,2012-11-24
55,nfp8133,36.0,2012-11-24,38,5.0,2013-01-01
55,nfp8133,36.0,2013-01-01,33,5.0,2013-02-03
55,nfp8133,36.0,2013-02-03,36,5.0,2013-03-11
57,nfp8140,24.0,2012-01-01,27,8.0,2012-01-28
57,nfp8140,24.0,2012-01-28,25,6.0,2012-02-22
57,nfp8140,24.0,2012-02-22,25,5.0,2012-03-18
57,nfp8140,24.0,2012-03-18,29,7.0,2012-04-16
57,nfp8140,24.0,2012-04-16,26,5.0,2012-05-12
57,nfp8140,24.0,2012-05-12,27,7.0,2012-06-08
57,nfp8140,24.0,2012-06-08,27,6.0,2012-07-05
57,nfp8140,24.0,2012-07-05,25,7.0,2012-07-30
57,nfp8140,24.0,2012-07-30,27,6.0,2012-08-26
57,nfp8140,24.0,2012-08-26,28,7.0,2012-09-23
57,nfp8140,24.0,2012-09-23,27,6.0,2012-10-20
57,nfp8140,24.0,2012-10-20,28,7.0,2012-11-17
57,nfp8140,24.0,2012-11-17,27,6.0,2012-12-14
59,nfp8144,27.0,2012-01-01,32,6.0,2012-02-02
60,nfp8149,31.0,2012-01-01,33,5.0,2012-02-03
60,nfp8149,31.0,2012-02-03,28,4.0,2012-03-02
60,nfp8149,31.0,2012-03-02,27,6.0,2012-03-29
60,nfp8149,31.0,2012-03-29,37,8.0,2012-05-05
60,nfp8149,31.0,2012-05-05,32,6.0,2012-06-06
61,nfp8150,30.0,2012-01-01,28,4.0,2012-01-29
61,nfp8150,30.0,2012-01-29,35,6.0,2012-03-04
61,nfp8150,30.0,2012-03-04,29,6.0,2012-04-02
61,nfp8150,30.0,2012-04-02,34,5.0,2012-05-06
61,nfp8150,30.0,2012-05-06,33,5.0,2012-06-08
61,nfp8150,30.0,2012-06-08,29,5.0,2012-07-07
61,nfp8150,30.0,2012-07-07,33,6.0,2012-08-09
61,nfp8150,30.0,2012-08-09,28,5.0,2012-09-06
61,nfp8150,30.0,2012-09-06,26,5.0,2012-10-02
61,nfp8150,30.0,2012-10-02,32,4.0,2012-11-03
61,nfp8150,30.0,2012-11-03,31,4.0,2012-12-04
61,nfp8150,30.0,2012-12-04,29,5.0,2013-01-02
63,nfp8154,30.0,2012-01-01,27,6.0,2012-01-28
63,nfp8154,30.0,2012-01-28,26,5.0,2012-02-23
63,nfp8154,30.0,2012-02-23,23,5.0,2012-03-17
63,nfp8154,30.0,2012-03-17,27,5.0,2012-04-13
63,nfp8154,30.0,2012-04-13,22,5.0,2012-05-05
63,nfp8154,30.0,2012-05-05,25,5.0,2012-05-30
63,nfp8154,30.0,2012-05-30,25,5.0,2012-06-24
63,nfp8154,30.0,2012-06-24,26,6.0,2012-07-20
63,nfp8154,30.0,2012-07-20,26,6.0,2012-08-15
63,nfp8154,30.0,2012-08-15,27,5.0,2012-09-11
63,nfp8154,30.0,2012-09-11,27,5.0,2012-10-08
63,nfp8154,30.0,2012-10-08,24,6.0,2012-11-01
63,nfp8154,30.0,2012-11-01,25,5.0,2012-11-26
63,nfp8154,30.0,2012-11-26,27,4.0,2012-12-23
63,nfp8154,30.0,2012-12-23,26,5.0,2013-01-18
63,nfp8154,30.0,2013-01-18,26,5.0,2013-02-13
63,nfp8154,30.0,2013-02-13,29,4.0,2013-03-14
63,nfp8154,30.0,2013-03-14,26,5.0,2013-04-09
63,nfp8154,30.0,2013-04-09,25,4.0,2013-05-04
63,nfp8154,30.0,2013-05-04,25,5.0,2013-05-29
63,nfp8154,30.0,2013-05-29,23,4.0,2013-06-21
63,nfp8154,30.0,2013-06-21,26,4.0,2013-07-17
63,nfp8154,30.0,2013-07-17,26,5.0,2013-08-12
63,nfp8154,30.0,2013-08-12,29,5.0,2013-09-10
63,nfp8154,30.0,2013-09-10,25,6.0,2013-10-05
63,nfp8154,30.0,2013-10-05,24,5.0,2013-10-29
63,nfp8154,30.0,2013-10-29,27,5.0,2013-11-25
64,nfp8155,24.0,2012-01-01,29,7.0,2012-01-30
64,nfp8155,24.0,2012-01-30,37,7.0,2012-03-07
64,nfp8155,24.0,2012-03-07,32,6.0,2012-04-08
64,nfp8155,24.0,2012-04-08,32,7.0,2012-05-10
64,nfp8155,24.0,2012-05-10,30,7.0,2012-06-09
64,nfp8155,24.0,2012-06-09,29,6.0,2012-07-08
64,nfp8155,24.0,2012-07-08,30,6.0,2012-08-07
64,nfp8155,24.0,2012-08-07,32,6.0,2012-09-08
64,nfp8155,24.0,2012-09-08,31,7.0,2012-10-09
64,nfp8155,24.0,2012-10-09,30,6.0,2012-11-08
64,nfp8155,24.0,2012-11-08,35,6.0,2012-12-13
65,nfp8159,33.0,2012-01-01,38,5.0,2012-02-08
65,nfp8159,33.0,2012-02-08,38,4.0,2012-03-17
65,nfp8159,33.0,2012-03-17,42,4.0,2012-04-28
65,nfp8159,33.0,2012-04-28,37,3.0,2012-06-04
65,nfp8159,33.0,2012-06-04,30,3.0,2012-07-04
65,nfp8159,33.0,2012-07-04,38,4.0,2012-08-11
66,nfp8161,26.0,2012-01-01,32,5.0,2012-02-02
66,nfp8161,26.0,2012-02-02,33,4.0,2012-03-06
66,nfp8161,26.0,2012-03-06,32,5.0,2012-04-07
66,nfp8161,26.0,2012-04-07,30,5.0,2012-05-07
66,nfp8161,26.0,2012-05-07,26,5.0,2012-06-02
66,nfp8161,26.0,2012-06-02,30,5.0,2012-07-02
66,nfp8161,26.0,2012-07-02,29,5.0,2012-07-31
66,nfp8161,26.0,2012-07-31,32,5.0,2012-09-01
66,nfp8161,26.0,2012-09-01,31,4.0,2012-10-02
66,nfp8161,26.0,2012-10-02,34,5.0,2012-11-05
66,nfp8161,26.0,2012-11-05,29,5.0,2012-12-04
66,nfp8161,26.0,2012-12-04,32,5.0,2013-01-05
68,nfp8165,30.0,2012-01-01,28,5.0,2012-01-29
68,nfp8165,30.0,2012-01-29,27,7.0,2012-02-25
68,nfp8165,30.0,2012-02-25,26,5.0,2012-03-22
68,nfp8165,30.0,2012-03-22,20,5.0,2012-04-11
68,nfp8165,30.0,2012-04-11,28,6.0,2012-05-09
68,nfp8165,30.0,2012-05-09,30,6.0,2012-06-08
68,nfp8165,30.0,2012-06-08,28,8.0,2012-07-06
68,nfp8165,30.0,2012-07-06,25,7.0,2012-07-31
68,nfp8165,30.0,2012-07-31,30,7.0,2012-08-30
68,nfp8165,30.0,2012-08-30,23,7.0,2012-09-22
68,nfp8165,30.0,2012-09-22,30,7.0,2012-10-22
68,nfp8165,30.0,2012-10-22,32,6.0,2012-11-23
68,nfp8165,30.0,2012-11-23,26,7.0,2012-12-19
69,nfp8168,36.0,2012-01-01,34,8.0,2012-02-04
69,nfp8168,36.0,2012-02-04,30,7.0,2012-03-05
69,nfp8168,36.0,2012-03-05,28,5.0,2012-04-02
69,nfp8168,36.0,2012-04-02,29,5.0,2012-05-01
69,nfp8168,36.0,2012-05-01,24,6.0,2012-05-25
69,nfp8168,36.0,2012-05-25,26,7.0,2012-06-20
69,nfp8168,36.0,2012-06-20,24,6.0,2012-07-14
69,nfp8168,36.0,2012-07-14,25,5.0,2012-08-08
69,nfp8168,36.0,2012-08-08,29,6.0,2012-09-06
69,nfp8168,36.0,2012-09-06,25,5.0,2012-10-01
71,nfp8173,35.0,2012-01-01,35,5.0,2012-02-05
71,nfp8173,35.0,2012-02-05,29,5.0,2012-03-05
71,nfp8173,35.0,2012-03-05,32,5.0,2012-04-06
71,nfp8173,35.0,2012-04-06,30,7.0,2012-05-06
71,nfp8173,35.0,2012-05-06,32,4.0,2012-06-07
71,nfp8173,35.0,2012-06-07,31,5.0,2012-07-08
71,nfp8173,35.0,2012-07-08,31,5.0,2012-08-08
71,nfp8173,35.0,2012-08-08,30,6.0,2012-09-07
71,nfp8173,35.0,2012-09-07,30,5.0,2012-10-07
71,nfp8173,35.0,2012-10-07,31,5.0,2012-11-07
71,nfp8173,35.0,2012-11-07,35,5.0,2012-12-12
71,nfp8173,35.0,2012-12-12,30,4.0,2013-01-11
71,nfp8173,35.0,2013-01-11,38,4.0,2013-02-18
71,nfp8173,35.0,2013-02-18,30,4.0,2013-03-20
71,nfp8173,35.0,2013-03-20,29,5.0,2013-04-18
71,nfp8173,35.0,2013-04-18,31,5.0,2013-05-19
71,nfp8173,35.0,2013-05-19,31,4.0,2013-06-19
71,nfp8173,35.0,2013-06-19,32,4.0,2013-07-21
71,nfp8173,35.0,2013-07-21,27,4.0,2013-08-17
71,nfp8173,35.0,2013-08-17,37,5.0,2013-09-23
71,nfp8173,35.0,2013-09-23,30,4.0,2013-10-23
71,nfp8173,35.0,2013-10-23,28,3.0,2013-11-20
71,nfp8173,35.0,2013-11-20,30,5.0,2013-12-20
71,nfp8173,35.0,2013-12-20,30,4.0,2014-01-19
71,nfp8173,35.0,2014-01-19,31,5.0,2014-02-19
71,nfp8173,35.0,2014-02-19,33,5.0,2014-03-24
71,nfp8173,35.0,2014-03-24,31,3.0,2014-04-24
76,nfp8179,41.0,2012-01-01,36,5.0,2012-02-06
76,nfp8179,41.0,2012-02-06,28,5.0,2012-03-05
76,nfp8179,41.0,2012-03-05,31,5.0,2012-04-05
76,nfp8179,41.0,2012-04-05,33,5.0,2012-05-08
76,nfp8179,41.0,2012-05-08,30,5.0,2012-06-07
76,nfp8179,41.0,2012-06-07,30,5.0,2012-07-07
76,nfp8179,41.0,2012-07-07,33,5.0,2012-08-09
76,nfp8179,41.0,2012-08-09,29,5.0,2012-09-07
76,nfp8179,41.0,2012-09-07,30,4.0,2012-10-07
76,nfp8179,41.0,2012-10-07,28,5.0,2012-11-04
76,nfp8179,41.0,2012-11-04,36,6.0,2012-12-10
76,nfp8179,41.0,2012-12-10,28,6.0,2013-01-07
77,nfp8184,40.0,2012-01-01,30,6.0,2012-01-31
77,nfp8184,40.0,2012-01-31,27,5.0,2012-02-27
77,nfp8184,40.0,2012-02-27,30,5.0,2012-03-28
77,nfp8184,40.0,2012-03-28,30,5.0,2012-04-27
77,nfp8184,40.0,2012-04-27,32,4.0,2012-05-29
77,nfp8184,40.0,2012-05-29,32,5.0,2012-06-30
77,nfp8184,40.0,2012-06-30,29,6.0,2012-07-29
77,nfp8184,40.0,2012-07-29,35,5.0,2012-09-02
77,nfp8184,40.0,2012-09-02,32,5.0,2012-10-04
77,nfp8184,40.0,2012-10-04,32,5.0,2012-11-05
77,nfp8184,40.0,2012-11-05,31,6.0,2012-12-06
77,nfp8184,40.0,2012-12-06,28,6.0,2013-01-03
77,nfp8184,40.0,2013-01-03,27,5.0,2013-01-30
77,nfp8184,40.0,2013-01-30,30,4.0,2013-03-01
77,nfp8184,40.0,2013-03-01,26,5.0,2013-03-27
77,nfp8184,40.0,2013-03-27,28,5.0,2013-04-24
77,nfp8184,40.0,2013-04-24,28,5.0,2013-05-22
78,nfp8186,32.0,2012-01-01,25,7.0,2012-01-26
78,nfp8186,32.0,2012-01-26,32,5.0,2012-02-27
78,nfp8186,32.0,2012-02-27,27,7.0,2012-03-25
78,nfp8186,32.0,2012-03-25,29,7.0,2012-04-23
78,nfp8186,32.0,2012-04-23,25,6.0,2012-05-18
78,nfp8186,32.0,2012-05-18,28,5.0,2012-06-15
78,nfp8186,32.0,2012-06-15,26,7.0,2012-07-11
78,nfp8186,32.0,2012-07-11,28,6.0,2012-08-08
78,nfp8186,32.0,2012-08-08,28,7.0,2012-09-05
78,nfp8186,32.0,2012-09-05,28,6.0,2012-10-03
78,nfp8186,32.0,2012-10-03,26,6.0,2012-10-29
78,nfp8186,32.0,2012-10-29,28,6.0,2012-11-26
79,nfp8187,35.0,2012-01-01,27,5.0,2012-01-28
79,nfp8187,35.0,2012-01-28,25,6.0,2012-02-22
79,nfp8187,35.0,2012-02-22,31,7.0,2012-03-24
79,nfp8187,35.0,2012-03-24,25,5.0,2012-04-18
79,nfp8187,35.0,2012-04-18,26,6.0,2012-05-14
79,nfp8187,35.0,2012-05-14,27,7.0,2012-06-10
79,nfp8187,35.0,2012-06-10,28,7.0,2012-07-08
79,nfp8187,35.0,2012-07-08,25,6.0,2012-08-02
79,nfp8187,35.0,2012-08-02,27,6.0,2012-08-29
79,nfp8187,35.0,2012-08-29,25,5.0,2012-09-23
79,nfp8187,35.0,2012-09-23,27,6.0,2012-10-20
79,nfp8187,35.0,2012-10-20,26,5.0,2012-11-15
79,nfp8187,35.0,2012-11-15,30,6.0,2012-12-15
80,nfp8188,34.0,2012-01-01,36,4.0,2012-02-06
80,nfp8188,34.0,2012-02-06,29,5.0,2012-03-06
80,nfp8188,34.0,2012-03-06,32,3.0,2012-04-07
80,nfp8188,34.0,2012-04-07,32,5.0,2012-05-09
80,nfp8188,34.0,2012-05-09,30,4.0,2012-06-08
80,nfp8188,34.0,2012-06-08,37,4.0,2012-07-15
80,nfp8188,34.0,2012-07-15,30,3.0,2012-08-14
80,nfp8188,34.0,2012-08-14,29,4.0,2012-09-12
80,nfp8188,34.0,2012-09-12,32,3.0,2012-10-14
80,nfp8188,34.0,2012-10-14,31,4.0,2012-11-14
80,nfp8188,34.0,2012-11-14,29,4.0,2012-12-13
80,nfp8188,34.0,2012-12-13,30,5.0,2013-01-12
80,nfp8188,34.0,2013-01-12,28,4.0,2013-02-09
80,nfp8188,34.0,2013-02-09,28,4.0,2013-03-09
80,nfp8188,34.0,2013-03-09,31,2.0,2013-04-09
80,nfp8188,34.0,2013-04-09,31,5.0,2013-05-10
81,nfp8189,27.0,2012-01-01,29,4.0,2012-01-30
81,nfp8189,27.0,2012-01-30,30,5.0,2012-02-29
82,nfp8190,29.0,2012-01-01,31,4.0,2012-02-01
82,nfp8190,29.0,2012-02-01,35,5.0,2012-03-07
82,nfp8190,29.0,2012-03-07,34,4.0,2012-04-10
82,nfp8190,29.0,2012-04-10,32,4.0,2012-05-12
82,nfp8190,29.0,2012-05-12,38,3.0,2012-06-19
82,nfp8190,29.0,2012-06-19,33,5.0,2012-07-22
83,nfp8192,33.0,2012-01-01,26,5.0,2012-01-27
83,nfp8192,33.0,2012-01-27,26,6.0,2012-02-22
83,nfp8192,33.0,2012-02-22,26,5.0,2012-03-19
83,nfp8192,33.0,2012-03-19,28,5.0,2012-04-16
84,nfp8193,24.0,2012-01-01,25,9.0,2012-01-26
84,nfp8193,24.0,2012-01-26,27,7.0,2012-02-22
84,nfp8193,24.0,2012-02-22,27,8.0,2012-03-20
84,nfp8193,24.0,2012-03-20,25,7.0,2012-04-14
84,nfp8193,24.0,2012-04-14,26,7.0,2012-05-10
84,nfp8193,24.0,2012-05-10,25,6.0,2012-06-04
84,nfp8193,24.0,2012-06-04,24,5.0,2012-06-28
84,nfp8193,24.0,2012-06-28,25,6.0,2012-07-23
85,nfp8195,33.0,2012-01-01,26,5.0,2012-01-27
85,nfp8195,33.0,2012-01-27,26,4.0,2012-02-22
85,nfp8195,33.0,2012-02-22,27,4.0,2012-03-20
85,nfp8195,33.0,2012-03-20,26,4.0,2012-04-15
85,nfp8195,33.0,2012-04-15,28,5.0,2012-05-13
85,nfp8195,33.0,2012-05-13,27,4.0,2012-06-09
85,nfp8195,33.0,2012-06-09,24,4.0,2012-07-03
85,nfp8195,33.0,2012-07-03,25,4.0,2012-07-28
85,nfp8195,33.0,2012-07-28,27,3.0,2012-08-24
85,nfp8195,33.0,2012-08-24,26,4.0,2012-09-19
85,nfp8195,33.0,2012-09-19,27,3.0,2012-10-16
87,nfp8197,24.0,2012-01-01,27,6.0,2012-01-28
87,nfp8197,24.0,2012-01-28,27,6.0,2012-02-24
87,nfp8197,24.0,2012-02-24,28,5.0,2012-03-23
87,nfp8197,24.0,2012-03-23,25,3.0,2012-04-17
87,nfp8197,24.0,2012-04-17,26,5.0,2012-05-13
87,nfp8197,24.0,2012-05-13,29,5.0,2012-06-11
87,nfp8197,24.0,2012-06-11,29,6.0,2012-07-10
88,nfp8200,25.0,2012-01-01,31,7.0,2012-02-01
89,nfp8206,40.0,2012-01-01,27,3.0,2012-01-28
89,nfp8206,40.0,2012-01-28,29,4.0,2012-02-26
89,nfp8206,40.0,2012-02-26,27,4.0,2012-03-24
89,nfp8206,40.0,2012-03-24,28,3.0,2012-04-21
90,nfp8207,21.0,2012-01-01,33,4.0,2012-02-03
90,nfp8207,21.0,2012-02-03,28,4.0,2012-03-02
91,nfp8209,34.0,2012-01-01,27,5.0,2012-01-28
91,nfp8209,34.0,2012-01-28,27,5.0,2012-02-24
92,nfp8210,25.0,2012-01-01,29,5.0,2012-01-30
92,nfp8210,25.0,2012-01-30,29,6.0,2012-02-28
92,nfp8210,25.0,2012-02-28,27,6.0,2012-03-26
92,nfp8210,25.0,2012-03-26,35,8.0,2012-04-30
93,nfp8211,28.0,2012-01-01,34,6.0,2012-02-04
93,nfp8211,28.0,2012-02-04,28,6.0,2012-03-03
93,nfp8211,28.0,2012-03-03,30,6.0,2012-04-02
93,nfp8211,28.0,2012-04-02,36,7.0,2012-05-08
93,nfp8211,28.0,2012-05-08,28,8.0,2012-06-05
93,nfp8211,28.0,2012-06-05,32,7.0,2012-07-07
93,nfp8211,28.0,2012-07-07,30,8.0,2012-08-06
94,nfp8212,27.0,2012-01-01,32,5.0,2012-02-02
94,nfp8212,27.0,2012-02-02,27,5.0,2012-02-29
94,nfp8212,27.0,2012-02-29,30,7.0,2012-03-30
94,nfp8212,27.0,2012-03-30,34,6.0,2012-05-03
94,nfp8212,27.0,2012-05-03,42,5.0,2012-06-14
94,nfp8212,27.0,2012-06-14,30,6.0,2012-07-14
94,nfp8212,27.0,2012-07-14,38,6.0,2012-08-21
94,nfp8212,27.0,2012-08-21,32,5.0,2012-09-22
94,nfp8212,27.0,2012-09-22,32,5.0,2012-10-24
94,nfp8212,27.0,2012-10-24,30,9.0,2012-11-23
94,nfp8212,27.0,2012-11-23,35,5.0,2012-12-28
94,nfp8212,27.0,2012-12-28,36,5.0,2013-02-02
96,nfp8221,37.0,2012-01-01,28,5.0,2012-01-29
96,nfp8221,37.0,2012-01-29,31,5.0,2012-02-29
96,nfp8221,37.0,2012-02-29,28,5.0,2012-03-28
96,nfp8221,37.0,2012-03-28,29,6.0,2012-04-26
96,nfp8221,37.0,2012-04-26,30,5.0,2012-05-26
96,nfp8221,37.0,2012-05-26,28,5.0,2012-06-23
97,nfp8223,,2012-01-01,28,5.0,2012-01-29
97,nfp8223,,2012-01-29,31,5.0,2012-02-29
97,nfp8223,,2012-02-29,29,5.0,2012-03-29
97,nfp8223,,2012-03-29,29,6.0,2012-04-27
97,nfp8223,,2012-04-27,30,5.0,2012-05-27
97,nfp8223,,2012-05-27,29,5.0,2012-06-25
97,nfp8223,,2012-06-25,30,5.0,2012-07-25
97,nfp8223,,2012-07-25,28,5.0,2012-08-22
97,nfp8223,,2012-08-22,28,5.0,2012-09-19
97,nfp8223,,2012-09-19,29,5.0,2012-10-18
98,nfp8226,34.0,2012-01-01,24,4.0,2012-01-25
101,nfp8230,24.0,2012-01-01,38,7.0,2012-02-08
101,nfp8230,24.0,2012-02-08,40,7.0,2012-03-19
103,nfp8234,33.0,2012-01-01,28,5.0,2012-01-29
103,nfp8234,33.0,2012-01-29,27,4.0,2012-02-25
103,nfp8234,33.0,2012-02-25,26,5.0,2012-03-22
103,nfp8234,33.0,2012-03-22,26,5.0,2012-04-17
103,nfp8234,33.0,2012-04-17,25,5.0,2012-05-12
103,nfp8234,33.0,2012-05-12,25,4.0,2012-06-06
103,nfp8234,33.0,2012-06-06,28,4.0,2012-07-04
103,nfp8234,33.0,2012-07-04,27,4.0,2012-07-31
103,nfp8234,33.0,2012-07-31,28,5.0,2012-08-28
103,nfp8234,33.0,2012-08-28,27,4.0,2012-09-24
103,nfp8234,33.0,2012-09-24,26,4.0,2012-10-20
103,nfp8234,33.0,2012-10-20,28,4.0,2012-11-17
103,nfp8234,33.0,2012-11-17,28,4.0,2012-12-15
105,nfp8236,26.0,2012-01-01,27,6.0,2012-01-28
106,nfp8237,40.0,2012-01-01,29,4.0,2012-01-30
106,nfp8237,40.0,2012-01-30,25,4.0,2012-02-24
106,nfp8237,40.0,2012-02-24,26,5.0,2012-03-21
106,nfp8237,40.0,2012-03-21,25,6.0,2012-04-15
106,nfp8237,40.0,2012-04-15,26,6.0,2012-05-11
106,nfp8237,40.0,2012-05-11,27,6.0,2012-06-07
106,nfp8237,40.0,2012-06-07,25,6.0,2012-07-02
106,nfp8237,40.0,2012-07-02,27,6.0,2012-07-29
106,nfp8237,40.0,2012-07-29,26,8.0,2012-08-24
106,nfp8237,40.0,2012-08-24,25,6.0,2012-09-18
106,nfp8237,40.0,2012-09-18,26,6.0,2012-10-14
106,nfp8237,40.0,2012-10-14,26,6.0,2012-11-09
106,nfp8237,40.0,2012-11-09,24,5.0,2012-12-03
106,nfp8237,40.0,2012-12-03,25,6.0,2012-12-28
106,nfp8237,40.0,2012-12-28,25,6.0,2013-01-22
106,nfp8237,40.0,2013-01-22,27,6.0,2013-02-18
106,nfp8237,40.0,2013-02-18,24,6.0,2013-03-14
106,nfp8237,40.0,2013-03-14,25,,2013-04-08
106,nfp8237,40.0,2013-04-08,25,6.0,2013-05-03
106,nfp8237,40.0,2013-05-03,29,7.0,2013-06-01
107,nfp8238,25.0,2012-01-01,39,6.0,2012-02-09
107,nfp8238,25.0,2012-02-09,23,6.0,2012-03-03
107,nfp8238,25.0,2012-03-03,30,5.0,2012-04-02
107,nfp8238,25.0,2012-04-02,34,7.0,2012-05-06
107,nfp8238,25.0,2012-05-06,32,4.0,2012-06-07
109,nfp8242,21.0,2012-01-01,33,5.0,2012-02-03
109,nfp8242,21.0,2012-02-03,34,5.0,2012-03-08
109,nfp8242,21.0,2012-03-08,30,4.0,2012-04-07
109,nfp8242,21.0,2012-04-07,32,5.0,2012-05-09
109,nfp8242,21.0,2012-05-09,31,5.0,2012-06-09
109,nfp8242,21.0,2012-06-09,36,5.0,2012-07-15
109,nfp8242,21.0,2012-07-15,21,6.0,2012-08-05
109,nfp8242,21.0,2012-08-05,35,5.0,2012-09-09
109,nfp8242,21.0,2012-09-09,28,6.0,2012-10-07
109,nfp8242,21.0,2012-10-07,28,5.0,2012-11-04
109,nfp8242,21.0,2012-11-04,26,5.0,2012-11-30
109,nfp8242,21.0,2012-11-30,25,4.0,2012-12-25
109,nfp8242,21.0,2012-12-25,26,5.0,2013-01-20
110,nfp8244,24.0,2012-01-01,37,5.0,2012-02-07
111,nfp8246,22.0,2012-01-01,28,5.0,2012-01-29
111,nfp8246,22.0,2012-01-29,28,5.0,2012-02-26
111,nfp8246,22.0,2012-02-26,31,5.0,2012-03-28
112,nfp8247,23.0,2012-01-01,31,6.0,2012-02-01
114,nfp8249,22.0,2012-01-01,30,9.0,2012-01-31
114,nfp8249,22.0,2012-01-31,28,9.0,2012-02-28
114,nfp8249,22.0,2012-02-28,31,8.0,2012-03-30
114,nfp8249,22.0,2012-03-30,32,7.0,2012-05-01
114,nfp8249,22.0,2012-05-01,26,7.0,2012-05-27
114,nfp8249,22.0,2012-05-27,30,7.0,2012-06-26
114,nfp8249,22.0,2012-06-26,26,6.0,2012-07-22
114,nfp8249,22.0,2012-07-22,28,7.0,2012-08-19
114,nfp8249,22.0,2012-08-19,21,7.0,2012-09-09
114,nfp8249,22.0,2012-09-09,39,8.0,2012-10-18
114,nfp8249,22.0,2012-10-18,29,7.0,2012-11-16
114,nfp8249,22.0,2012-11-16,29,8.0,2012-12-15
114,nfp8249,22.0,2012-12-15,33,7.0,2013-01-17
116,nfp8253,25.0,2012-01-01,33,15.0,2012-02-03
116,nfp8253,25.0,2012-02-03,42,9.0,2012-03-16
116,nfp8253,25.0,2012-03-16,24,5.0,2012-04-09
116,nfp8253,25.0,2012-04-09,30,4.0,2012-05-09
117,nfp8254,26.0,2012-01-01,34,5.0,2012-02-04
117,nfp8254,26.0,2012-02-04,35,6.0,2012-03-10
118,nfp8257,28.0,2012-01-01,32,6.0,2012-02-02
118,nfp8257,28.0,2012-02-02,30,6.0,2012-03-03
118,nfp8257,28.0,2012-03-03,33,4.0,2012-04-05
118,nfp8257,28.0,2012-04-05,40,3.0,2012-05-15
118,nfp8257,28.0,2012-05-15,29,4.0,2012-06-13
118,nfp8257,28.0,2012-06-13,29,4.0,2012-07-12
118,nfp8257,28.0,2012-07-12,28,3.0,2012-08-09
118,nfp8257,28.0,2012-08-09,28,6.0,2012-09-06
118,nfp8257,28.0,2012-09-06,34,4.0,2012-10-10
118,nfp8257,28.0,2012-10-10,32,5.0,2012-11-11
118,nfp8257,28.0,2012-11-11,29,4.0,2012-12-10
118,nfp8257,28.0,2012-12-10,28,5.0,2013-01-07
120,nfp8263,27.0,2012-01-01,35,8.0,2012-02-05
120,nfp8263,27.0,2012-02-05,33,7.0,2012-03-09
120,nfp8263,27.0,2012-03-09,32,7.0,2012-04-10
120,nfp8263,27.0,2012-04-10,32,6.0,2012-05-12
120,nfp8263,27.0,2012-05-12,36,5.0,2012-06-17
120,nfp8263,27.0,2012-06-17,31,6.0,2012-07-18
120,nfp8263,27.0,2012-07-18,42,7.0,2012-08-29
120,nfp8263,27.0,2012-08-29,34,7.0,2012-10-02
120,nfp8263,27.0,2012-10-02,35,8.0,2012-11-06
120,nfp8263,27.0,2012-11-06,40,6.0,2012-12-16
120,nfp8263,27.0,2012-12-16,28,6.0,2013-01-13
120,nfp8263,27.0,2013-01-13,35,7.0,2013-02-17
120,nfp8263,27.0,2013-02-17,31,6.0,2013-03-20
120,nfp8263,27.0,2013-03-20,30,6.0,2013-04-19
120,nfp8263,27.0,2013-04-19,28,6.0,2013-05-17
121,nfp8264,32.0,2012-01-01,29,6.0,2012-01-30
121,nfp8264,32.0,2012-01-30,29,5.0,2012-02-28
121,nfp8264,32.0,2012-02-28,28,6.0,2012-03-27
121,nfp8264,32.0,2012-03-27,27,6.0,2012-04-23
121,nfp8264,32.0,2012-04-23,29,6.0,2012-05-22
121,nfp8264,32.0,2012-05-22,28,5.0,2012-06-19
121,nfp8264,32.0,2012-06-19,26,5.0,2012-07-15
121,nfp8264,32.0,2012-07-15,27,5.0,2012-08-11
121,nfp8264,32.0,2012-08-11,28,5.0,2012-09-08
121,nfp8264,32.0,2012-09-08,28,5.0,2012-10-06
121,nfp8264,32.0,2012-10-06,28,5.0,2012-11-03
121,nfp8264,32.0,2012-11-03,28,5.0,2012-12-01
121,nfp8264,32.0,2012-12-01,28,5.0,2012-12-29
122,nfp8266,25.0,2012-01-01,31,4.0,2012-02-01
122,nfp8266,25.0,2012-02-01,28,4.0,2012-02-29
122,nfp8266,25.0,2012-02-29,31,4.0,2012-03-31
122,nfp8266,25.0,2012-03-31,28,4.0,2012-04-28
122,nfp8266,25.0,2012-04-28,29,6.0,2012-05-27
122,nfp8266,25.0,2012-05-27,26,3.0,2012-06-22
122,nfp8266,25.0,2012-06-22,28,5.0,2012-07-20
122,nfp8266,25.0,2012-07-20,27,6.0,2012-08-16
122,nfp8266,25.0,2012-08-16,26,6.0,2012-09-11
122,nfp8266,25.0,2012-09-11,25,5.0,2012-10-06
124,nfp8269,36.0,2012-01-01,31,8.0,2012-02-01
124,nfp8269,36.0,2012-02-01,32,6.0,2012-03-04
124,nfp8269,36.0,2012-03-04,31,7.0,2012-04-04
124,nfp8269,36.0,2012-04-04,32,7.0,2012-05-06
124,nfp8269,36.0,2012-05-06,32,6.0,2012-06-07
124,nfp8269,36.0,2012-06-07,30,10.0,2012-07-07
124,nfp8269,36.0,2012-07-07,28,8.0,2012-08-04
124,nfp8269,36.0,2012-08-04,33,7.0,2012-09-06
124,nfp8269,36.0,2012-09-06,32,7.0,2012-10-08
124,nfp8269,36.0,2012-10-08,27,6.0,2012-11-04
124,nfp8269,36.0,2012-11-04,33,6.0,2012-12-07
124,nfp8269,36.0,2012-12-07,31,7.0,2013-01-07
125,nfp8270,32.0,2012-01-01,31,8.0,2012-02-01
125,nfp8270,32.0,2012-02-01,31,6.0,2012-03-03
125,nfp8270,32.0,2012-03-03,31,6.0,2012-04-03
125,nfp8270,32.0,2012-04-03,30,5.0,2012-05-03
125,nfp8270,32.0,2012-05-03,32,9.0,2012-06-04
125,nfp8270,32.0,2012-06-04,31,4.0,2012-07-05
125,nfp8270,32.0,2012-07-05,31,7.0,2012-08-05
125,nfp8270,32.0,2012-08-05,32,4.0,2012-09-06
125,nfp8270,32.0,2012-09-06,30,8.0,2012-10-06
125,nfp8270,32.0,2012-10-06,30,6.0,2012-11-05
125,nfp8270,32.0,2012-11-05,27,7.0,2012-12-02
125,nfp8270,32.0,2012-12-02,34,2.0,2013-01-05
125,nfp8270,32.0,2013-01-05,32,2.0,2013-02-06
126,nfp8271,29.0,2012-01-01,29,5.0,2012-01-30
126,nfp8271,29.0,2012-01-30,33,5.0,2012-03-03
126,nfp8271,29.0,2012-03-03,33,6.0,2012-04-05
126,nfp8271,29.0,2012-04-05,26,5.0,2012-05-01
126,nfp8271,29.0,2012-05-01,31,4.0,2012-06-01
126,nfp8271,29.0,2012-06-01,33,5.0,2012-07-04
127,nfp8272,23.0,2012-01-01,26,8.0,2012-01-27
127,nfp8272,23.0,2012-01-27,24,6.0,2012-02-20
127,nfp8272,23.0,2012-02-20,28,6.0,2012-03-19
129,nfp8278,35.0,2012-01-01,27,5.0,2012-01-28
129,nfp8278,35.0,2012-01-28,27,5.0,2012-02-24
129,nfp8278,35.0,2012-02-24,26,5.0,2012-03-21
129,nfp8278,35.0,2012-03-21,27,4.0,2012-04-17
129,nfp8278,35.0,2012-04-17,26,5.0,2012-05-13
129,nfp8278,35.0,2012-05-13,26,5.0,2012-06-08
129,nfp8278,35.0,2012-06-08,27,6.0,2012-07-05
129,nfp8278,35.0,2012-07-05,28,5.0,2012-08-02
129,nfp8278,35.0,2012-08-02,26,4.0,2012-08-28
129,nfp8278,35.0,2012-08-28,28,5.0,2012-09-25
129,nfp8278,35.0,2012-09-25,28,5.0,2012-10-23
129,nfp8278,35.0,2012-10-23,28,7.0,2012-11-20
130,nfp8279,40.0,2012-01-01,28,6.0,2012-01-29
130,nfp8279,40.0,2012-01-29,28,7.0,2012-02-26
130,nfp8279,40.0,2012-02-26,30,7.0,2012-03-27
130,nfp8279,40.0,2012-03-27,33,7.0,2012-04-29
130,nfp8279,40.0,2012-04-29,33,5.0,2012-06-01
130,nfp8279,40.0,2012-06-01,32,8.0,2012-07-03
130,nfp8279,40.0,2012-07-03,30,7.0,2012-08-02
130,nfp8279,40.0,2012-08-02,34,5.0,2012-09-05
130,nfp8279,40.0,2012-09-05,32,8.0,2012-10-07
130,nfp8279,40.0,2012-10-07,29,6.0,2012-11-05
130,nfp8279,40.0,2012-11-05,30,7.0,2012-12-05
130,nfp8279,40.0,2012-12-05,26,7.0,2012-12-31
131,nfp8281,22.0,2012-01-01,37,5.0,2012-02-07
131,nfp8281,22.0,2012-02-07,32,5.0,2012-03-10
133,nfp8284,39.0,2012-01-01,32,4.0,2012-02-02
135,nfp8288,30.0,2012-01-01,28,4.0,2012-01-29
135,nfp8288,30.0,2012-01-29,29,4.0,2012-02-27
135,nfp8288,30.0,2012-02-27,30,5.0,2012-03-28
137,nfp8290,33.0,2012-01-01,26,4.0,2012-01-27
137,nfp8290,33.0,2012-01-27,27,5.0,2012-02-23
137,nfp8290,33.0,2012-02-23,31,5.0,2012-03-25
137,nfp8290,33.0,2012-03-25,28,6.0,2012-04-22
137,nfp8290,33.0,2012-04-22,27,7.0,2012-05-19
137,nfp8290,33.0,2012-05-19,26,4.0,2012-06-14
137,nfp8290,33.0,2012-06-14,27,6.0,2012-07-11
137,nfp8290,33.0,2012-07-11,31,6.0,2012-08-11
137,nfp8290,33.0,2012-08-11,27,5.0,2012-09-07
137,nfp8290,33.0,2012-09-07,26,4.0,2012-10-03
137,nfp8290,33.0,2012-10-03,27,4.0,2012-10-30
137,nfp8290,33.0,2012-10-30,40,4.0,2012-12-09
137,nfp8290,33.0,2012-12-09,28,3.0,2013-01-06
138,nfp8292,34.0,2012-01-01,30,6.0,2012-01-31
138,nfp8292,34.0,2012-01-31,27,6.0,2012-02-27
138,nfp8292,34.0,2012-02-27,29,6.0,2012-03-27
138,nfp8292,34.0,2012-03-27,32,6.0,2012-04-28
138,nfp8292,34.0,2012-04-28,28,4.0,2012-05-26
138,nfp8292,34.0,2012-05-26,26,5.0,2012-06-21
138,nfp8292,34.0,2012-06-21,31,6.0,2012-07-22
138,nfp8292,34.0,2012-07-22,29,6.0,2012-08-20
138,nfp8292,34.0,2012-08-20,25,5.0,2012-09-14
138,nfp8292,34.0,2012-09-14,28,5.0,2012-10-12
138,nfp8292,34.0,2012-10-12,26,7.0,2012-11-07
138,nfp8292,34.0,2012-11-07,31,6.0,2012-12-08
138,nfp8292,34.0,2012-12-08,29,6.0,2013-01-06
139,nfp8293,23.0,2012-01-01,29,6.0,2012-01-30
139,nfp8293,23.0,2012-01-30,31,5.0,2012-03-01
139,nfp8293,23.0,2012-03-01,27,5.0,2012-03-28
141,nfp8296,,2012-01-01,33,5.0,2012-02-03
141,nfp8296,,2012-02-03,32,6.0,2012-03-06
141,nfp8296,,2012-03-06,32,5.0,2012-04-07
141,nfp8296,,2012-04-07,28,6.0,2012-05-05
141,nfp8296,,2012-05-05,32,5.0,2012-06-06
141,nfp8296,,2012-06-06,35,5.0,2012-07-11
141,nfp8296,,2012-07-11,30,6.0,2012-08-10
141,nfp8296,,2012-08-10,30,6.0,2012-09-09
141,nfp8296,,2012-09-09,31,6.0,2012-10-10
141,nfp8296,,2012-10-10,29,5.0,2012-11-08
141,nfp8296,,2012-11-08,27,6.0,2012-12-05
142,nfp8298,,2012-01-01,27,6.0,2012-01-28
142,nfp8298,,2012-01-28,34,9.0,2012-03-02
142,nfp8298,,2012-03-02,29,7.0,2012-03-31
142,nfp8298,,2012-03-31,35,9.0,2012-05-05
142,nfp8298,,2012-05-05,28,7.0,2012-06-02
142,nfp8298,,2012-06-02,44,9.0,2012-07-16
142,nfp8298,,2012-07-16,29,7.0,2012-08-14
142,nfp8298,,2012-08-14,29,5.0,2012-09-12
142,nfp8298,,2012-09-12,48,8.0,2012-10-30
142,nfp8298,,2012-10-30,34,9.0,2012-12-03
142,nfp8298,,2012-12-03,26,7.0,2012-12-29
143,nfp8299,,2012-01-01,28,6.0,2012-01-29
143,nfp8299,,2012-01-29,26,5.0,2012-02-24
143,nfp8299,,2012-02-24,25,5.0,2012-03-20
143,nfp8299,,2012-03-20,25,6.0,2012-04-14
143,nfp8299,,2012-04-14,27,5.0,2012-05-11
143,nfp8299,,2012-05-11,21,5.0,2012-06-01
143,nfp8299,,2012-06-01,24,5.0,2012-06-25
143,nfp8299,,2012-06-25,29,5.0,2012-07-24
143,nfp8299,,2012-07-24,25,5.0,2012-08-18
143,nfp8299,,2012-08-18,24,5.0,2012-09-11
143,nfp8299,,2012-09-11,26,5.0,2012-10-07
143,nfp8299,,2012-10-07,33,5.0,2012-11-09
143,nfp8299,,2012-11-09,18,5.0,2012-11-27
143,nfp8299,,2012-11-27,27,6.0,2012-12-24
143,nfp8299,,2012-12-24,26,5.0,2013-01-19
143,nfp8299,,2013-01-19,25,5.0,2013-02-13
144,nfp8302,,2012-01-01,26,6.0,2012-01-27
145,nfp8303,,2012-01-01,28,6.0,2012-01-29
145,nfp8303,,2012-01-29,28,5.0,2012-02-26
145,nfp8303,,2012-02-26,30,6.0,2012-03-27
145,nfp8303,,2012-03-27,26,4.0,2012-04-22
145,nfp8303,,2012-04-22,32,6.0,2012-05-24
146,nfp8305,,2012-01-01,31,7.0,2012-02-01
146,nfp8305,,2012-02-01,29,8.0,2012-03-01
146,nfp8305,,2012-03-01,37,7.0,2012-04-07
146,nfp8305,,2012-04-07,30,7.0,2012-05-07
146,nfp8305,,2012-05-07,33,6.0,2012-06-09
146,nfp8305,,2012-06-09,28,7.0,2012-07-07
146,nfp8305,,2012-07-07,34,7.0,2012-08-10
146,nfp8305,,2012-08-10,29,7.0,2012-09-08
146,nfp8305,,2012-09-08,33,8.0,2012-10-11
146,nfp8305,,2012-10-11,32,6.0,2012-11-12
146,nfp8305,,2012-11-12,33,5.0,2012-12-15
146,nfp8305,,2012-12-15,28,7.0,2013-01-12
147,nfp8306,,2012-01-01,30,7.0,2012-01-31
147,nfp8306,,2012-01-31,28,6.0,2012-02-28
147,nfp8306,,2012-02-28,28,8.0,2012-03-27
147,nfp8306,,2012-03-27,32,9.0,2012-04-28
147,nfp8306,,2012-04-28,30,7.0,2012-05-28
147,nfp8306,,2012-05-28,28,6.0,2012-06-25
147,nfp8306,,2012-06-25,26,6.0,2012-07-21
147,nfp8306,,2012-07-21,32,9.0,2012-08-22
147,nfp8306,,2012-08-22,30,8.0,2012-09-21
147,nfp8306,,2012-09-21,31,6.0,2012-10-22
147,nfp8306,,2012-10-22,31,6.0,2012-11-22
147,nfp8306,,2012-11-22,27,6.0,2012-12-19
148,nfp8308,,2012-01-01,29,5.0,2012-01-30
148,nfp8308,,2012-01-30,26,4.0,2012-02-25
148,nfp8308,,2012-02-25,28,6.0,2012-03-24
148,nfp8308,,2012-03-24,29,5.0,2012-04-22
148,nfp8308,,2012-04-22,29,5.0,2012-05-21
148,nfp8308,,2012-05-21,29,4.0,2012-06-19
148,nfp8308,,2012-06-19,29,5.0,2012-07-18
148,nfp8308,,2012-07-18,28,5.0,2012-08-15
148,nfp8308,,2012-08-15,29,5.0,2012-09-13
148,nfp8308,,2012-09-13,28,5.0,2012-10-11
148,nfp8308,,2012-10-11,29,4.0,2012-11-09
148,nfp8308,,2012-11-09,28,5.0,2012-12-07
148,nfp8308,,2012-12-07,27,4.0,2013-01-03
149,nfp8309,,2012-01-01,24,5.0,2012-01-25
149,nfp8309,,2012-01-25,29,5.0,2012-02-23
149,nfp8309,,2012-02-23,26,4.0,2012-03-20
149,nfp8309,,2012-03-20,25,5.0,2012-04-14
149,nfp8309,,2012-04-14,31,5.0,2012-05-15
149,nfp8309,,2012-05-15,25,5.0,2012-06-09
149,nfp8309,,2012-06-09,26,4.0,2012-07-05
149,nfp8309,,2012-07-05,27,5.0,2012-08-01
149,nfp8309,,2012-08-01,26,5.0,2012-08-27
149,nfp8309,,2012-08-27,26,5.0,2012-09-22
149,nfp8309,,2012-09-22,24,5.0,2012-10-16
149,nfp8309,,2012-10-16,26,4.0,2012-11-11
149,nfp8309,,2012-11-11,29,6.0,2012-12-10
149,nfp8309,,2012-12-10,25,4.0,2013-01-04
149,nfp8309,,2013-01-04,26,4.0,2013-01-30
149,nfp8309,,2013-01-30,27,5.0,2013-02-26
151,nfp8311,,2012-01-01,32,5.0,2012-02-02
151,nfp8311,,2012-02-02,37,5.0,2012-03-10
151,nfp8311,,2012-03-10,30,5.0,2012-04-09
151,nfp8311,,2012-04-09,35,5.0,2012-05-14
151,nfp8311,,2012-05-14,29,5.0,2012-06-12
152,nfp8312,,2012-01-01,25,6.0,2012-01-26
152,nfp8312,,2012-01-26,26,6.0,2012-02-21
152,nfp8312,,2012-02-21,26,6.0,2012-03-18
152,nfp8312,,2012-03-18,28,6.0,2012-04-15
152,nfp8312,,2012-04-15,29,6.0,2012-05-14
152,nfp8312,,2012-05-14,28,6.0,2012-06-11
152,nfp8312,,2012-06-11,27,6.0,2012-07-08
152,nfp8312,,2012-07-08,28,6.0,2012-08-05
152,nfp8312,,2012-08-05,27,7.0,2012-09-01
152,nfp8312,,2012-09-01,30,6.0,2012-10-01
152,nfp8312,,2012-10-01,27,6.0,2012-10-28
152,nfp8312,,2012-10-28,28,6.0,2012-11-25
152,nfp8312,,2012-11-25,26,6.0,2012-12-21
152,nfp8312,,2012-12-21,28,6.0,2013-01-18
152,nfp8312,,2013-01-18,35,6.0,2013-02-22
152,nfp8312,,2013-02-22,29,5.0,2013-03-23
152,nfp8312,,2013-03-23,31,6.0,2013-04-23
152,nfp8312,,2013-04-23,30,6.0,2013-05-23
153,nfp8313,,2012-01-01,32,6.0,2012-02-02
153,nfp8313,,2012-02-02,31,6.0,2012-03-04
153,nfp8313,,2012-03-04,32,6.0,2012-04-05
153,nfp8313,,2012-04-05,32,6.0,2012-05-07
153,nfp8313,,2012-05-07,33,5.0,2012-06-09
154,nfp8317,,2012-01-01,36,4.0,2012-02-06
154,nfp8317,,2012-02-06,32,5.0,2012-03-09
154,nfp8317,,2012-03-09,32,5.0,2012-04-10
154,nfp8317,,2012-04-10,37,5.0,2012-05-17
155,nfp8322,,2012-01-01,38,6.0,2012-02-08
155,nfp8322,,2012-02-08,32,5.0,2012-03-11
155,nfp8322,,2012-03-11,31,6.0,2012-04-11
155,nfp8322,,2012-04-11,38,5.0,2012-05-19
155,nfp8322,,2012-05-19,33,5.0,2012-06-21
155,nfp8322,,2012-06-21,35,5.0,2012-07-26
155,nfp8322,,2012-07-26,32,5.0,2012-08-27
155,nfp8322,,2012-08-27,36,5.0,2012-10-02
155,nfp8322,,2012-10-02,45,5.0,2012-11-16
155,nfp8322,,2012-11-16,42,5.0,2012-12-28
155,nfp8322,,2012-12-28,49,5.0,2013-02-15
155,nfp8322,,2013-02-15,34,5.0,2013-03-21
157,nfp8324,,2012-01-01,30,6.0,2012-01-31
157,nfp8324,,2012-01-31,23,7.0,2012-02-23
157,nfp8324,,2012-02-23,19,2.0,2012-03-13
157,nfp8324,,2012-03-13,32,5.0,2012-04-14
157,nfp8324,,2012-04-14,37,6.0,2012-05-21
157,nfp8324,,2012-05-21,36,7.0,2012-06-26
157,nfp8324,,2012-06-26,51,6.0,2012-08-16
157,nfp8324,,2012-08-16,30,6.0,2012-09-15
157,nfp8324,,2012-09-15,26,4.0,2012-10-11
157,nfp8324,,2012-10-11,43,5.0,2012-11-23
157,nfp8324,,2012-11-23,36,6.0,2012-12-29
157,nfp8324,,2012-12-29,35,7.0,2013-02-02
158,nfp8328,,2012-01-01,35,6.0,2012-02-05
158,nfp8328,,2012-02-05,34,5.0,2012-03-10
158,nfp8328,,2012-03-10,32,6.0,2012-04-11
158,nfp8328,,2012-04-11,29,5.0,2012-05-10
158,nfp8328,,2012-05-10,31,5.0,2012-06-10
158,nfp8328,,2012-06-10,32,5.0,2012-07-12
158,nfp8328,,2012-07-12,30,5.0,2012-08-11
158,nfp8328,,2012-08-11,31,6.0,2012-09-11
158,nfp8328,,2012-09-11,28,5.0,2012-10-09
158,nfp8328,,2012-10-09,36,6.0,2012-11-14
158,nfp8328,,2012-11-14,30,5.0,2012-12-14
158,nfp8328,,2012-12-14,32,5.0,2013-01-15
158,nfp8328,,2013-01-15,35,5.0,2013-02-19
158,nfp8328,,2013-02-19,28,5.0,2013-03-19
158,nfp8328,,2013-03-19,31,5.0,2013-04-19
158,nfp8328,,2013-04-19,35,5.0,2013-05-24
158,nfp8328,,2013-05-24,28,5.0,2013-06-21
158,nfp8328,,2013-06-21,32,6.0,2013-07-23
158,nfp8328,,2013-07-23,29,5.0,2013-08-21
158,nfp8328,,2013-08-21,30,5.0,2013-09-20
158,nfp8328,,2013-09-20,30,5.0,2013-10-20
158,nfp8328,,2013-10-20,30,5.0,2013-11-19
158,nfp8328,,2013-11-19,23,5.0,2013-12-12
158,nfp8328,,2013-12-12,28,5.0,2014-01-09
158,nfp8328,,2014-01-09,29,6.0,2014-02-07
158,nfp8328,,2014-02-07,32,5.0,2014-03-11
158,nfp8328,,2014-03-11,29,5.0,2014-04-09
158,nfp8328,,2014-04-09,29,5.0,2014-05-08
158,nfp8328,,2014-05-08,30,5.0,2014-06-07
158,nfp8328,,2014-06-07,28,5.0,2014-07-05
158,nfp8328,,2014-07-05,29,5.0,2014-08-03
158,nfp8328,,2014-08-03,31,5.0,2014-09-03
158,nfp8328,,2014-09-03,30,5.0,2014-10-03
159,nfp8334,,2012-01-01,28,6.0,2012-01-29
159,nfp8334,,2012-01-29,28,6.0,2012-02-26
159,nfp8334,,2012-02-26,29,6.0,2012-03-26
159,nfp8334,,2012-03-26,30,7.0,2012-04-25
159,nfp8334,,2012-04-25,30,9.0,2012-05-25
159,nfp8334,,2012-05-25,32,7.0,2012-06-26
159,nfp8334,,2012-06-26,29,8.0,2012-07-25
159,nfp8334,,2012-07-25,28,6.0,2012-08-22
159,nfp8334,,2012-08-22,28,5.0,2012-09-19
159,nfp8334,,2012-09-19,40,6.0,2012-10-29
159,nfp8334,,2012-10-29,24,,2012-11-22
